Date,Close,Daily_Return,MA_50,MA_200,Volatility_21d
2020-10-15,117.19338989257812,-0.003960872154428086,113.51273818969726,85.80222312927246,0.4270106987032224
2020-10-16,115.5526351928711,-0.014000403104739823,113.61608764648437,86.01798385620117,0.42591503090904276
2020-10-19,112.60118865966797,-0.025542009736747362,113.71060150146485,86.2225065612793,0.41989023310358675
2020-10-20,114.08661651611328,0.013191937617416771,113.80346496582031,86.43159996032715,0.4105739549706959
2020-10-21,113.46526336669922,-0.005446328135485623,113.94899795532227,86.63928607940674,0.40913819481646596
2020-10-22,112.37787628173828,-0.00958343595825184,114.00220092773438,86.83574993133544,0.37917893277636505
2020-10-23,111.68858337402344,-0.006133706477836842,114.00278350830078,87.02100536346435,0.37999948162633046
2020-10-26,111.69829559326172,8.69580304887485e-05,114.00555038452148,87.2054656982422,0.3589265200431633
2020-10-27,113.20313262939453,0.01347233660227487,114.04423965454102,87.38945922851562,0.3524757518424825
2020-10-28,107.96044921875,-0.04631217607562221,113.95953140258788,87.5523978805542,0.38797775367604953
2020-10-29,111.96040344238281,0.03705018136343696,113.9520069885254,87.7369514465332,0.40643455221084146
2020-10-30,105.6886215209961,-0.056017857461672205,113.7691928100586,87.88544555664062,0.44889481976370393
2020-11-02,105.60122680664062,-0.0008269075052521613,113.46628204345703,88.02929622650146,0.43605078191417423
2020-11-03,107.22259521484375,0.015353689130637616,113.16691528320312,88.1838571548462,0.4247962666685561
2020-11-04,111.60120391845703,0.04083662305356239,112.9751693725586,88.35894924163819,0.4382485901189551
2020-11-05,115.56233978271484,0.03549366606432014,112.82968505859375,88.55200286865234,0.45120258636779303
2020-11-06,115.4310531616211,-0.0011360675228677675,112.7109439086914,88.74550895690918,0.4512178537639375
2020-11-09,113.1261215209961,-0.019968037867572286,112.55003601074219,88.9387716293335,0.4536944697601586
2020-11-10,112.78571319580078,-0.0030091045341118505,112.30013641357422,89.11979824066162,0.39089713988263897
2020-11-11,116.2090835571289,0.030352872401356423,112.01889846801758,89.30992664337158,0.3973020999295446
2020-11-12,115.936767578125,-0.002343327824885888,111.78619506835938,89.49926002502441,0.3973482495744172
2020-11-13,115.98540496826172,0.00041951652743765777,111.75873443603516,89.70614418029785,0.39714359621101386
2020-11-16,116.99683380126953,0.00872031126058137,111.74994903564453,89.91910995483398,0.3949841084822764
2020-11-17,116.11182403564453,-0.0075643907349516315,111.88152038574219,90.1153689956665,0.38459952852272206
2020-11-18,114.78916931152344,-0.011391214763063706,111.89926055908204,90.3018809890747,0.3848080104935833
2020-11-19,115.38240814208984,0.00516807320868784,112.00323379516601,90.48682735443116,0.38447218536452965
2020-11-20,114.11812591552734,-0.01095732223759427,112.11085327148437,90.67078018188477,0.3849814035471608
2020-11-23,110.72395324707031,-0.029742625382487176,112.08534713745117,90.83592590332032,0.39893827522100483
2020-11-24,112.00769805908203,0.011594102038130494,112.08202056884765,91.0098341369629,0.4009961346825274
2020-11-25,112.8440933227539,0.007467301606633336,112.16163543701173,91.17875465393067,0.39907159642138945
2020-11-27,113.3886947631836,0.004826140424311287,112.28689956665039,91.35321304321289,0.36161062300853186
2020-11-30,115.78117370605469,0.021099801420837228,112.5279736328125,91.5395372390747,0.34635636364816175
2020-12-01,119.35039520263672,0.03082730449462856,112.77752029418946,91.75089588165284,0.2896092161407296
2020-12-02,119.70050048828125,0.0029334237649578654,113.0004768371582,91.95842350006103,0.28879019527707395
2020-12-03,119.56436157226562,-0.0011373295471638345,113.31177764892578,92.16928146362305,0.287810807206168
2020-12-04,118.89328002929688,-0.005612722170252549,113.58829803466797,92.3855429840088,0.25922079825892624
2020-12-07,120.35210418701172,0.012270030378128682,113.81516021728515,92.62706336975097,0.23395672393274497
2020-12-08,120.96482849121094,0.005091097561926494,114.00223876953125,92.88384948730469,0.23388640521567053
2020-12-09,118.43619537353516,-0.020903870564818794,114.1556381225586,93.12247135162353,0.23503051316372617
2020-12-10,119.8561019897461,0.011988789505883002,114.30403747558594,93.3913041305542,0.23650682563083583
2020-12-11,119.04889678955078,-0.006734786020859973,114.41726333618163,93.6562943649292,0.21652225469413744
2020-12-14,118.43619537353516,-0.005146636655514181,114.5914387512207,93.88747409820557,0.21732292716749968
2020-12-15,124.36872863769531,0.05009054238402011,114.81669235229492,94.15978164672852,0.27563955135489643
2020-12-16,124.3006362915039,-0.0005475037570720209,115.10543807983399,94.41553565979004,0.27528502421362616
2020-12-17,125.16617584228516,0.006963275302561023,115.37421325683594,94.68748123168945,0.27282981972622844
2020-12-18,123.18222045898438,-0.01585057121023381,115.60544525146484,94.95420661926269,0.27635667872432945
2020-12-21,124.70909881591797,0.012395281975307482,115.82838012695312,95.2561841583252,0.27803234666913845
2020-12-22,128.2588348388672,0.02846413017697258,115.9780387878418,95.55275074005127,0.28502225051256247
2020-12-23,127.3641128540039,-0.006975909191653917,116.17388061523438,95.8568162536621,0.25904830316927
2020-12-24,128.34640502929688,0.007712472165679607,116.38762023925781,96.19865427017211,0.25849427295723787
2020-12-28,132.9368133544922,0.035765772513437266,116.70248870849609,96.52751459121704,0.2775362301622568
2020-12-29,131.16680908203125,-0.013314628414786811,117.0147721862793,96.89072755813599,0.2870816153801134
2020-12-30,130.0483856201172,-0.008526726156878661,117.36371612548828,97.23548183441162,0.2872393061303215
2020-12-31,129.04664611816406,-0.007702821508905888,117.6629167175293,97.58270574569703,0.27554683391837664
2021-01-04,125.8567123413086,-0.024719230393128844,117.91074569702148,97.91626335144043,0.2928363427349283
2021-01-05,127.41276550292969,0.01236368829817569,118.21144348144531,98.27637559890746,0.29442422976687094
2021-01-06,123.12384796142578,-0.03366159995487494,118.44014877319336,98.62092681884765,0.3199237824767314
2021-01-07,127.32524871826172,0.034123371112899425,118.75268783569337,98.95929004669189,0.33736615715737556
2021-01-08,128.42416381835938,0.00863077128189449,119.05710845947266,99.30479085922241,0.33787842598541573
2021-01-11,125.4384994506836,-0.02324846258604918,119.40666946411133,99.61975433349609,0.34006485179876805
2021-01-12,125.26344299316406,-0.0013955560556458968,119.67273025512695,99.94676950454712,0.3387433453080661
2021-01-13,127.29605865478516,0.016226726753247656,120.10487899780273,100.27540634155274,0.34034603384256856
2021-01-14,125.37041473388672,-0.01512728627459392,120.50026275634765,100.59504318237305,0.34522937144763877
2021-01-15,123.6490249633789,-0.013730430533883675,120.82879135131836,100.92223783493041,0.3036829835917336
2021-01-19,124.320068359375,0.005427001112178864,121.08316864013672,101.24793102264404,0.30427736028151187
2021-01-20,128.40475463867188,0.03285621004880057,121.34001693725585,101.5983002090454,0.3241217689205468
2021-01-21,133.1118621826172,0.03665835861912603,121.69363311767579,101.94676179885865,0.3395513419928141
2021-01-22,135.25144958496094,0.016073604314906564,122.13613967895508,102.30959400177002,0.3409450342049695
2021-01-25,138.9957275390625,0.027683828643548347,122.66033996582031,102.68312561035157,0.34025218373344346
2021-01-26,139.22914123535156,0.0016792868415576034,123.12074111938476,103.05550476074218,0.3380309274160227
2021-01-27,138.1593475341797,-0.007683691012382976,123.56519271850586,103.41618015289306,0.3403668869205708
2021-01-28,133.32582092285156,-0.03498515806273872,123.91200103759766,103.73601570129395,0.34468058963524295
2021-01-29,128.33668518066406,-0.037420626459704676,124.13879806518554,104.03407081604004,0.36617862630260317
2021-02-01,130.4568328857422,0.016520199988752315,124.4256982421875,104.33999629974365,0.36976795157076425
2021-02-02,131.2834930419922,0.00633665663931926,124.75558471679688,104.65475467681885,0.3690854256027592
2021-02-03,130.2622833251953,-0.007778660463202525,125.05318222045898,104.97149875640869,0.3586858854738117
2021-02-04,133.61756896972656,0.025757921317522747,125.44317108154297,105.31536087036133,0.36653232021997106
2021-02-05,133.2036590576172,-0.0030977207211662083,125.8927651977539,105.64781452178956,0.34305612526629614
2021-02-08,133.3497314453125,0.00109660942295986,126.31960586547852,105.98229125976563,0.3250941923022135
2021-02-09,132.47314453125,-0.006573593396564048,126.71218688964844,106.30279258728028,0.32569070970106817
2021-02-10,131.8692626953125,-0.00455852269585888,127.08179824829102,106.62003273010254,0.313887468520827
2021-02-11,131.61599731445312,-0.0019205793350384193,127.39849472045898,106.94155200958252,0.3139762957137593
2021-02-12,131.8497772216797,0.0017762271456107648,127.64848236083985,107.25318584442138,0.31000741432463236
2021-02-16,129.7264404296875,-0.016104212208278623,127.84900115966796,107.54686958312988,0.31069948364104116
2021-02-17,127.43753814697266,-0.017644069128339712,128.0064646911621,107.8348232269287,0.3134495737855552
2021-02-18,126.33697509765625,-0.008636097850910573,128.1553385925293,108.11233280181885,0.31508102962187284
2021-02-19,126.49280548095703,0.0012334503274304964,128.2781526184082,108.38530574798584,0.29300759713124397
2021-02-22,122.72344207763672,-0.029799033937054853,128.31332489013673,108.63572288513184,0.2766509027576269
2021-02-23,122.58708190917969,-0.0011111175350734248,128.39634262084962,108.88170108795165,0.2674123078098219
2021-02-24,122.09033966064453,-0.004052158194802091,128.44102737426758,109.1164612197876,0.24047607282137404
2021-02-25,117.84371185302734,-0.03478266846845435,128.4169236755371,109.32407657623291,0.258232778738577
2021-02-26,118.10671997070312,0.002231838369142647,128.41033416748047,109.5373681640625,0.26055441453371986
2021-03-01,124.4668960571289,0.053851094061400095,128.41229751586914,109.78701545715332,0.31723123269262404
2021-03-02,121.8663330078125,-0.020893612130592376,128.36361145019532,110.0213703918457,0.29935105356873254
2021-03-03,118.88591003417969,-0.024456491797794078,128.2380061340332,110.24304008483887,0.3005555189892545
2021-03-04,117.006103515625,-0.01581185287654563,128.11448379516602,110.44652809143066,0.30052414958793877
2021-03-05,118.26253509521484,0.010738171273450448,127.98555252075195,110.65850311279297,0.30540472152892545
2021-03-08,113.33411407470703,-0.0416735614245024,127.68705810546875,110.838458442688,0.3107421910296268
2021-03-09,117.94110870361328,0.04064967257669161,127.49859802246094,111.0443318939209,0.3528754064172968
2021-03-10,116.85999298095703,-0.009166572491472014,127.26886978149415,111.24232849121094,0.3522319813182841
2021-03-11,118.78849029541016,0.016502630757194936,126.9859033203125,111.45258422851562,0.3607539934650242
2021-03-12,117.88268280029297,-0.0076253809848459975,126.72022079467773,111.65663921356202,0.3608701192708652
2021-03-15,120.76570892333984,0.024456739994041854,126.5345672607422,111.8749397277832,0.3750692545066231
2021-03-16,122.30462646484375,0.012743000933160387,126.39972686767578,112.10131034851074,0.37903568728619497
2021-03-17,121.51568603515625,-0.006450618038674749,126.31290634155273,112.31899963378906,0.3763934758309658
2021-03-18,117.39567565917969,-0.033905173154226254,126.11256454467774,112.51428401947021,0.3884719221954954
2021-03-19,116.86971282958984,-0.004480257272140076,125.98748184204102,112.70478225708008,0.38806192055077166
2021-03-22,120.18132781982422,0.02833595557014079,125.84460342407226,112.91523036956787,0.40321736455729906
2021-03-23,119.3534164428711,-0.0068888519703687034,125.6631884765625,113.11041831970215,0.39103397978804527
2021-03-24,116.96712493896484,-0.01999349138906681,125.49376098632813,113.29130054473877,0.39651115105038215
2021-03-25,117.45413970947266,0.004163689333750442,125.33757492065429,113.46186180114746,0.3969799999373931
2021-03-26,118.05801391601562,0.005141361624517282,125.15281402587891,113.62472152709961,0.37852454974119093
2021-03-29,118.23332214355469,0.0014849328878576706,125.01007217407226,113.80897899627685,0.37848674375339875
2021-03-30,116.78206634521484,-0.0122745074910251,124.87273300170898,113.98246704101562,0.32637573014937044
2021-03-31,118.97356414794922,0.018765704969256003,124.76580291748047,114.16183670043945,0.3276296479199004
2021-04-01,119.80145263671875,0.006958591975440909,124.5937368774414,114.33433422088623,0.31712330761199675
2021-04-05,122.62605285644531,0.023577345328956723,124.38402069091796,114.52154830932618,0.3208406395270802
2021-04-06,122.92798614501953,0.0024622278997081803,124.13755142211915,114.7101025390625,0.31941853762332556
2021-04-07,124.57403564453125,0.01339035602169436,123.84911758422851,114.90932182312012,0.2788529238282839
2021-04-08,126.97006225585938,0.019233756046606043,123.60393600463867,115.10943702697755,0.2526645602866769
2021-04-09,129.54141235351562,0.020251625083672842,123.43157730102538,115.31312957763672,0.2544225621297532
2021-04-12,127.82720184326172,-0.013232915089545716,123.3216049194336,115.51608894348145,0.2583645819372741
2021-04-13,130.93423461914062,0.024306506995973143,123.37355590820313,115.72879302978515,0.26445306576025934
2021-04-14,128.5966339111328,-0.017853243002545427,123.33635192871094,115.94338882446289,0.2661328409762086
2021-04-15,131.00241088867188,0.018707931182721182,123.33073028564453,116.1601406097412,0.2696267809586772
2021-04-16,130.67123413085938,-0.0025280203285261704,123.33890930175781,116.37157810211181,0.26815685239463116
2021-04-19,131.33352661132812,0.005068387735632118,123.29322845458984,116.58716285705566,0.23086611458414713
2021-04-20,129.6485595703125,-0.012829679400920724,123.22212646484375,116.79432277679443,0.2371214264673763
2021-04-21,130.0283966064453,0.0029297435882951195,123.15569976806641,116.9915828704834,0.22151700787695616
2021-04-22,128.50897216796875,-0.011685327806320478,123.07641632080077,117.18265102386475,0.22504183515986334
2021-04-23,130.82711791992188,0.01803878525246616,123.05557342529296,117.37479503631592,0.2129991798061488
2021-04-26,131.21670532226562,0.002977879575259079,123.04758758544922,117.56690021514892,0.21312773630910342
2021-04-27,130.89527893066406,-0.0024495843788497895,123.02849761962891,117.75658672332764,0.21484818923017904
2021-04-28,130.10630798339844,-0.006027497352930067,123.03609497070312,117.94447250366211,0.2179567420837401
2021-04-29,130.00894165039062,-0.0007483598183436468,123.08752304077149,118.12421539306641,0.2101941543847444
2021-04-30,128.04147338867188,-0.015133330344381246,123.1216130065918,118.29088661193848,0.21537730413173675
2021-05-03,129.09335327148438,0.008215149786815479,123.17362396240235,118.46864395141601,0.21566863413273168
2021-05-04,124.52531433105469,-0.03538554716154185,123.2096614074707,118.62450592041016,0.24212523052835241
2021-05-05,124.76883697509766,0.0019556075433428965,123.25329650878906,118.77174911499023,0.24208890592012444
2021-05-06,126.36620330810547,0.012802606578168563,123.33881378173828,118.93355690002441,0.2417126146632088
2021-05-07,127.03941345214844,0.005327454069357085,123.5227278137207,119.09741027832031,0.23298629017313716
2021-05-10,123.76119995117188,-0.02580469644730654,123.63581741333007,119.26632663726807,0.23744910113763978
2021-05-11,122.84410095214844,-0.007410230341862056,123.60336151123047,119.43177200317383,0.23484061639559184
2021-05-12,119.78053283691406,-0.024938666907804774,123.5616455078125,119.57126335144044,0.22774936576136878
2021-05-13,121.92696380615234,0.017919697954263736,123.62246658325195,119.72903392791748,0.23421518856631526
2021-05-14,124.34659576416016,0.019844929148360446,123.76927642822265,119.89024112701416,0.23553741747183668
2021-05-17,123.19530487060547,-0.00925872466776867,123.86793182373047,120.04011936187744,0.2367436872617348
2021-05-18,121.80989074707031,-0.01124567307975155,124.03744735717774,120.13427543640137,0.2367483619051116
2021-05-19,121.65380859375,-0.0012813586184425851,124.11170135498047,120.21467700958252,0.2343646958532766
2021-05-20,124.21000671386719,0.021012068176618603,124.25870162963867,120.30433437347412,0.24802588903292005
2021-05-21,122.37576293945312,-0.014767278602918599,124.33044708251953,120.38289432525634,0.24975652243503502
2021-05-24,124.00509643554688,0.013314184581630695,124.45289535522461,120.45099399566651,0.2454295528515564
2021-05-25,123.80998992919922,-0.0015733749011603848,124.5137809753418,120.53066646575928,0.24467062232941872
2021-05-26,123.76119995117188,-0.00039407141584657523,124.54291244506835,120.60225524902344,0.24479532979541122
2021-05-27,122.22943115234375,-0.012376809528612087,124.55718734741211,120.68245933532715,0.2469103500292091
2021-05-28,121.57574462890625,-0.005348028844401331,124.64078872680665,120.74174942016602,0.24693030997062726
2021-06-01,121.25377655029297,-0.002648292055261847,124.7284700012207,120.78972103118896,0.2430031517986232
2021-06-02,122.0147705078125,0.00627604334619547,124.76513885498046,120.84199512481689,0.24201884298479362
2021-06-03,120.53179168701172,-0.012154092612138512,124.78870635986328,120.88831073760986,0.21409931458952558
2021-06-04,122.82457733154297,0.019022248092727123,124.90585540771484,120.94145431518555,0.22539866480650245
2021-06-07,122.83433532714844,7.94466043967379e-05,125.01345932006836,120.99394287109375,0.2200758745136036
2021-06-08,123.65387725830078,0.006671928732057131,125.12537658691406,121.03806560516358,0.22063132478852926
2021-06-09,124.03437042236328,0.0030770823568087025,125.24139755249024,121.0545036315918,0.20192927141711955
2021-06-10,123.03923034667969,-0.008023099341698092,125.36654083251953,121.0587451171875,0.20223054644298405
2021-06-11,124.24903869628906,0.009832704139977055,125.47205032348633,121.07404781341553,0.18281052767492606
2021-06-14,127.30278778076172,0.024577647573895245,125.6220770263672,121.09637897491456,0.19145433512361937
2021-06-15,126.4832763671875,-0.006437497778804091,125.69922149658203,121.12195480346679,0.18223099207615026
2021-06-16,126.98084259033203,0.00393384989253498,125.78027862548828,121.15100143432618,0.1786840580788017
2021-06-17,128.58091735839844,0.012600914716156097,125.86041625976563,121.16750255584716,0.17632707749712181
2021-06-18,127.28327178955078,-0.010092054058306932,125.86668045043945,121.15256401062011,0.18136414148792868
2021-06-21,129.07847595214844,0.014104007049456024,125.85742172241211,121.16009670257569,0.17376398609104884
2021-06-22,130.7175750732422,0.012698469741007745,125.91522918701172,121.22689239501953,0.16648631672874414
2021-06-23,130.44436645507812,-0.002090067980613841,125.90543182373047,121.29193370819092,0.16321121952695614
2021-06-24,130.16148376464844,-0.0021686079523188795,125.93672882080078,121.39507484436035,0.16340963522820032
2021-06-25,129.86875915527344,-0.0022489341770587368,125.9140557861328,121.47490783691406,0.1639397694983878
2021-06-28,131.4980926513672,0.012546000336737473,125.93059295654297,121.58147956848144,0.15837503059542063
2021-06-29,133.0103302001953,0.011500072117680338,125.96412902832031,121.70284545898437,0.15721952151155558
2021-06-30,133.6250457763672,0.004621562665446,126.0436587524414,121.81097438812256,0.15515362481780146
2021-07-01,133.927490234375,0.0022633815109329714,126.121640625,121.91974170684814,0.15525689562260817
2021-07-02,136.55197143554688,0.019596284501255168,126.28250061035156,122.05818481445313,0.15127357098665825
2021-07-06,138.56179809570312,0.014718400906462925,126.43719421386719,122.21536636352539,0.1472886778994302
2021-07-07,141.0497283935547,0.01795538403834196,126.63385467529297,122.40197765350342,0.1515005344575111
2021-07-08,139.7521209716797,-0.009199644952554875,126.81099151611328,122.56637294769287,0.1611405722768349
2021-07-09,141.5765838623047,0.013054992496283724,127.0403970336914,122.73149250030518,0.16264313903477895
2021-07-12,140.98143005371094,-0.004203758788053458,127.25984680175782,122.91640304565429,0.15887939177530985
2021-07-13,142.09364318847656,0.007889075421790626,127.54089019775391,123.10153495788575,0.1585157373488642
2021-07-14,145.51817321777344,0.024100515353487673,127.86938659667969,123.28408084869385,0.15783569276123308
2021-07-15,144.864501953125,-0.004492024949146356,128.2761703491211,123.45034885406494,0.15596929553714828
2021-07-16,142.82540893554688,-0.014075863928610599,128.6373017883301,123.61064476013183,0.1714524896990484
2021-07-19,138.98138427734375,-0.02691415124838059,128.88960540771484,123.74337100982666,0.20305654839480153
2021-07-20,142.59121704101562,0.025973498410897244,129.2006414794922,123.88938907623292,0.210297613168636
2021-07-21,141.85948181152344,-0.005131699165466186,129.5626071166992,124.05004936218262,0.21094430174056042
2021-07-22,143.2254180908203,0.00962879789108273,129.97023345947267,124.2006462097168,0.20972207104603055
2021-07-23,144.94256591796875,0.011989127698406099,130.47347412109374,124.37604228973389,0.20986611440116412
2021-07-26,145.36209106445312,0.002894423345049635,130.94217666625977,124.54421566009522,0.2083798697226723
2021-07-27,143.19613647460938,-0.014900408861643122,131.31916748046876,124.70209323883057,0.21855734041797917
2021-07-28,141.4497528076172,-0.012195745709255523,131.68425643920898,124.84153022766114,0.22417474053890693
2021-07-29,142.09364318847656,0.004552078516072866,132.0899314880371,124.94811893463135,0.222364543168702
2021-07-30,142.3083038330078,0.0015106984360062636,132.50302139282226,125.07180034637452,0.22238284167533753
2021-08-02,141.9766082763672,-0.002330823625231737,132.85835342407228,125.19338626861573,0.2231676274008931
2021-08-03,143.77175903320312,0.012643989588352111,133.28627334594728,125.32627811431885,0.21784085559339136
2021-08-04,143.37176513671875,-0.0027821451109323325,133.6736067199707,125.46537376403809,0.21391982023149608
2021-08-05,143.47909545898438,0.0007486154764382302,134.0669888305664,125.61976329803467,0.20560047835471865
2021-08-06,142.7950897216797,-0.004767284984036002,134.44766662597655,125.7633056640625,0.20342066985937607
2021-08-09,142.74624633789062,-0.0003420522644319579,134.8580029296875,125.90971057891846,0.19874391713731482
2021-08-10,142.2674560546875,-0.003354135716254092,135.2718371582031,126.0591584777832,0.19851401965507698
2021-08-11,142.52154541015625,0.0017859977433705154,135.6971925354004,126.21332328796387,0.19677251610443802
2021-08-12,145.482177734375,0.02077322636165979,136.16654067993164,126.38224269866943,0.19196258397038335
2021-08-13,145.68736267089844,0.001410378506280452,136.66965209960938,126.54466384887695,0.19128760610264658
2021-08-16,147.6611328125,0.01354798457063322,137.1663832092285,126.7431672668457,0.18898006573952206
2021-08-17,146.75241088867188,-0.006154103700274471,137.644744720459,126.91712730407716,0.16105757280682578
2021-08-18,143.01011657714844,-0.025500734801299996,138.03186950683593,127.10373477935791,0.1657448962840328
2021-08-19,143.34226989746094,0.0023225861796518643,138.41802749633788,127.29243999481201,0.1647366775074158
2021-08-20,144.79818725585938,0.010156929700080308,138.85320663452148,127.48031795501709,0.16511327345009563
2021-08-23,146.2834014892578,0.010257132782843792,139.29389389038087,127.6537289428711,0.1637072650275372
2021-08-24,146.19546508789062,-0.0006011372477802146,139.67174743652345,127.80689456939697,0.16350791607328924
2021-08-25,144.9643096923828,-0.008421296753409302,140.04136810302734,127.95456085205078,0.15733092316829578
2021-08-26,144.1630401611328,-0.0055273572712505326,140.38501205444337,128.10974544525146,0.15208913551145778
2021-08-27,145.1988525390625,0.007185006481355671,140.71737075805663,128.27181114196776,0.15314489143864443
2021-08-30,149.61529541015625,0.030416513587155247,141.16401123046876,128.43884220123292,0.1838416575133599
2021-08-31,148.35488891601562,-0.008424315780584779,141.54953948974608,128.60093280792236,0.18702292208398255
2021-09-01,149.01927185058594,0.004478335290631463,141.91557342529296,128.76610214233398,0.1833589537232421
2021-09-02,150.1331787109375,0.007474918153327348,142.30934967041014,128.9317838668823,0.1835916535453195
2021-09-03,150.76832580566406,0.004230557829921544,142.72148651123047,129.10506637573243,0.18362664352717437
2021-09-07,153.10362243652344,0.015489305319139168,143.18618377685547,129.29663864135742,0.1870046570091682
2021-09-08,151.55978393554688,-0.010083618378243342,143.58741760253906,129.47752552032472,0.1924210272497606
2021-09-09,150.54360961914062,-0.006704775435932175,143.93808319091798,129.65965293884278,0.19414146515455633
2021-09-10,145.56031799316406,-0.03310198047319157,144.1767886352539,129.83383476257325,0.2305637118765377
2021-09-13,146.12704467773438,0.0038934147189546575,144.4207797241211,130.0044314956665,0.21957422315050268
2021-09-14,144.72975158691406,-0.009562179909282875,144.58433532714844,130.1638597869873,0.22215118914144172
2021-09-15,145.6189727783203,0.00614401103889306,144.7254788208008,130.32501117706298,0.2178074057806077
2021-09-16,145.3844451904297,-0.0016105565326823834,144.81217315673828,130.47302753448486,0.2169072818318954
2021-09-17,142.71693420410156,-0.01834798064424381,144.8714694213867,130.5898602294922,0.20767884290701563
2021-09-20,139.66835021972656,-0.021361052921828994,144.83330474853517,130.6896994781494,0.22014934033598996
2021-09-21,140.14715576171875,0.0034281606479844573,144.81661926269533,130.79261344909668,0.21700884176249066
2021-09-22,142.5117645263672,0.016872327888471705,144.82498168945312,130.91070587158202,0.22264759814921795
2021-09-23,143.4693145751953,0.0067190947499002895,144.78400451660156,131.02629192352296,0.22431247840209292
2021-09-24,143.55728149414062,0.000613140999563333,144.75786010742186,131.1392541885376,0.22262201747395677
2021-09-27,142.04269409179688,-0.010550404595155105,144.74220581054686,131.2572866821289,0.224757875622869
2021-09-28,138.66192626953125,-0.023801068009036475,144.73581665039063,131.35131580352783,0.23654030386442979
2021-09-29,139.5609130859375,0.006483299638134321,144.67521057128906,131.45387588500978,0.20790044367187124
2021-09-30,138.26126098632812,-0.009312436203459673,144.60324615478515,131.55300121307374,0.20820285164478328
2021-10-01,139.385009765625,0.008127719733497907,144.52643798828126,131.6280826187134,0.21028682840186452
2021-10-04,135.95530700683594,-0.024605965623965442,144.34669281005858,131.68635597229004,0.21915055223205737
2021-10-05,137.8802490234375,0.014158638297987025,144.19705596923828,131.7499263381958,0.22676930130836892
2021-10-06,138.74986267089844,0.006307021155097514,144.10813049316405,131.82776454925536,0.21884261026134386
2021-10-07,140.0102996826172,0.009084239706300679,144.07934143066407,131.90427055358887,0.22281204205378125
2021-10-08,139.62925720214844,-0.002721531782536868,144.0300537109375,131.96112266540527,0.22255617489534704
2021-10-11,139.5413360595703,-0.00062967564491756,143.97471435546876,132.0220087814331,0.19480099326410796
2021-10-12,138.2710418701172,-0.009103354069297631,143.90060302734375,132.0716319656372,0.19510236085927665
2021-10-13,137.68484497070312,-0.004239476982929591,143.77886474609375,132.09537212371825,0.19355904504308583
2021-10-14,140.46958923339844,0.02022549586548794,143.72082122802735,132.1418860244751,0.206982422977683
2021-10-15,141.52484130859375,0.007512316943149466,143.68173614501953,132.1992683029175,0.2093926728714397
2021-10-18,143.1957244873047,0.011806289010899418,143.68974884033204,132.27001369476318,0.2042645252033207
2021-10-19,145.35513305664062,0.015080119026370742,143.74192657470704,132.36750579833983,0.19448411026967213
2021-10-20,145.8437042236328,0.003361224036042776,143.81345153808593,132.45966049194337,0.19447794226481857
2021-10-21,146.0586700439453,0.0014739465200559465,143.8841940307617,132.57433460235595,0.1867742451538732
2021-10-22,145.2867431640625,-0.00528504661620266,143.88028533935548,132.66414207458496,0.18696422536059443
2021-10-25,145.2378692626953,-0.00033639615220770747,143.87129547119142,132.74821060180665,0.18699653505691732
2021-10-26,145.90231323242188,0.0045748672374472665,143.83611907958985,132.85052967071533,0.1829071968078222
2021-10-27,145.44308471679688,-0.0031475067492141573,143.80993255615235,132.9514278793335,0.15965027793150408
2021-10-28,149.07794189453125,0.024991612250331974,143.9312890625,133.06033729553224,0.17759116607607728
2021-10-29,146.371337890625,-0.018155630333433925,143.9918704223633,133.16534191131592,0.1877943569487469
2021-11-01,145.55059814453125,-0.005607243589636712,144.00691864013672,133.27484977722168,0.18889463403236392
2021-11-02,146.5863037109375,0.007115776778723992,144.0129766845703,133.3861809539795,0.16242989773797456
2021-11-03,148.0226287841797,0.009798494380993228,144.0495199584961,133.48427032470704,0.1595493477004996
2021-11-04,147.50477600097656,-0.0034984703856203447,144.10032928466796,133.55623489379883,0.16093398614798285
2021-11-05,148.03318786621094,0.0035823373287307003,144.17773223876952,133.62014358520508,0.15942023234836009
2021-11-08,147.21119689941406,-0.005552747857728857,144.21797912597657,133.66122093200684,0.16092899505750866
2021-11-09,147.5732879638672,0.0024596706777715305,144.1771389770508,133.7029416656494,0.1605103794779961
2021-11-10,144.7453155517578,-0.019163172760654268,144.10494750976562,133.7358715057373,0.1731315113295303
2021-11-11,144.6963653564453,-0.00033818155099463176,144.01848937988282,133.79272422790527,0.17181487365608786
2021-11-12,146.77088928222656,0.014337083869873757,143.95124359130858,133.88489524841307,0.16521155943760382
2021-11-15,146.7806854248047,6.674445202325963e-05,143.8714907836914,133.9665145111084,0.16417283009654285
2021-11-16,147.7592010498047,0.006666514890348418,143.76460235595704,134.04889305114747,0.16115902341230692
2021-11-17,150.19580078125,0.01649034181380027,143.7373226928711,134.14856063842774,0.16271796751107406
2021-11-18,154.48175048828125,0.02853574923358515,143.8160855102539,134.25288154602052,0.1875965326066073
2021-11-19,157.10423278808594,0.016976000670083202,144.04696380615235,134.37238441467287,0.19378935720545348
2021-11-22,157.56417846679688,0.002927646636557091,144.27570648193358,134.49345664978028,0.19114282927085446
2021-11-23,157.94578552246094,0.002421915053137935,144.54002716064454,134.62081985473634,0.19060347657663218
2021-11-24,158.46441650390625,0.0032836012669141823,144.79693603515625,134.7537956237793,0.19061291575760236
2021-11-26,153.44448852539062,-0.03167858178679428,144.95813690185548,134.86293807983398,0.22637802565888301
2021-11-29,156.80088806152344,0.021873705392666754,145.2398159790039,134.9876936340332,0.22272919331169558
2021-11-30,161.75228881835938,0.031577632104310416,145.68149475097655,135.14782287597657,0.23108295227941186
2021-12-01,161.2336883544922,-0.003206139880033154,146.10322540283204,135.31680362701417,0.229857663442604
2021-12-02,160.24533081054688,-0.006129969202046004,146.45789672851564,135.48634540557862,0.23287026563623534
2021-12-03,158.36656188964844,-0.011724328636568138,146.75584167480469,135.64571418762208,0.23839942604011674
2021-12-06,161.7718505859375,0.02150257387454002,147.1201330566406,135.84095623016358,0.24501729807784853
2021-12-07,167.50608825683594,0.03544644912034478,147.6294009399414,136.06555126190185,0.26732912160019257
2021-12-08,171.3223876953125,0.022783049130877364,148.28261016845704,136.31171150207518,0.26985963240169
2021-12-09,170.8135223388672,-0.00297022101600819,148.90766235351563,136.5765605545044,0.27175747764182395
2021-12-10,175.5985870361328,0.028013383435608885,149.65440887451172,136.86401988983155,0.2632564505135163
2021-12-13,171.96824645996094,-0.02067408763047085,150.30607360839844,137.1015266418457,0.2815026159592378
2021-12-14,170.5885009765625,-0.008023257268717221,150.99873748779297,137.34513748168945,0.2861840391110057
2021-12-15,175.45184326171875,0.02850920347687702,151.7501693725586,137.62796714782715,0.29393067427797037
2021-12-16,168.5629425048828,-0.03926376964053824,152.34643096923827,137.88575134277343,0.33772552556617674
2021-12-17,167.46694946289062,-0.0065019809556329244,152.89556396484375,138.1317734146118,0.3385535989064726
2021-12-20,166.1067657470703,-0.00812210242189737,153.42511413574218,138.39563667297364,0.33073263781206985
2021-12-21,169.27725219726562,0.01908703980801718,154.0198324584961,138.6523173904419,0.33188180951253177
2021-12-22,171.8704071044922,0.015318980392029502,154.6918197631836,138.92736946105958,0.33425381268567467
2021-12-23,172.49667358398438,0.0036438296158305405,155.38805633544922,139.19591037750243,0.33419141868278285
2021-12-27,176.45973205566406,0.022974695043902926,156.10785919189453,139.4887956237793,0.3402567378539694
2021-12-28,175.44204711914062,-0.005767236097822037,156.78620330810546,139.7621773147583,0.31567442527858836
2021-12-29,175.5300750732422,0.0005017494696797353,157.43289031982422,140.02830455780028,0.31128601318151894
2021-12-30,174.3754425048828,-0.006577975699478267,158.01329650878907,140.29260334014893,0.29893568825873607
2021-12-31,173.75897216796875,-0.00353530478867059,158.57160186767578,140.57441982269287,0.299034403348003
2022-01-03,178.10366821289062,0.025004153688950037,159.21250183105468,140.88058959960938,0.3054695392549547
2022-01-04,175.84324645996094,-0.01269160694785787,159.82363189697264,141.15889919281005,0.30616318782307517
2022-01-05,171.16586303710938,-0.026599733097606326,160.34219177246095,141.41796142578124,0.318918400740108
2022-01-06,168.30848693847656,-0.016693609624796046,160.79031524658203,141.6746682357788,0.30256679625409044
2022-01-07,168.47483825683594,0.0009883715395777593,161.2509503173828,141.92977172851562,0.29146836810499366
2022-01-10,168.49444580078125,0.00011638262513380404,161.63928039550783,142.18195388793944,0.2913531545966841
2022-01-11,171.3223876953125,0.016783591180654422,162.13830139160157,142.44739921569825,0.2798816294081138
2022-01-12,171.76275634765625,0.002570409263306095,162.66254455566406,142.72230266571046,0.27075388363454667
2022-01-13,168.49444580078125,-0.019028051344610386,163.10070739746095,142.9699070739746,0.277504388579787
2022-01-14,169.35556030273438,0.005110640281705603,163.52736602783204,143.2176776123047,0.2578908185613253
2022-01-18,166.15574645996094,-0.018894058376669465,163.90038543701172,143.43532608032226,0.22832188305939816
2022-01-19,162.662353515625,-0.02102480966662057,164.19296875,143.6339979171753,0.23838379636843784
2022-01-20,160.97926330566406,-0.01034714040209228,164.468330078125,143.81602405548097,0.23931152966387573
2022-01-21,158.9243621826172,-0.01276500513699752,164.6953515625,143.97579555511476,0.23024614120628478
2022-01-24,158.15126037597656,-0.0048645896451814385,164.96347045898438,144.11884479522706,0.2205331562241443
2022-01-25,156.3507843017578,-0.011384519288296757,165.19655883789062,144.26146270751954,0.22023315691133144
2022-01-26,156.26272583007812,-0.0005632109366956461,165.38639556884766,144.3881051635742,0.19699852750687308
2022-01-27,155.80284118652344,-0.002943022023401576,165.56683868408203,144.52413619995116,0.19722884818481176
2022-01-28,166.6743621826172,0.06977742455337266,165.9451419067383,144.7024959564209,0.3272267695783336
2022-01-31,171.02882385253906,0.02612556372137731,166.36180236816406,144.9042839050293,0.3411114722598151
2022-02-01,170.8625030517578,-0.0009724723414145098,166.6894174194336,145.10192878723146,0.34095927405601134
2022-02-02,172.06610107421875,0.007044249036292971,166.98865478515626,145.31401649475097,0.32945761198200363
2022-02-03,169.18919372558594,-0.016719779960562287,167.22115509033202,145.5098204803467,0.3314801788032768
2022-02-04,168.905029296875,-0.0016795660671558021,167.4403399658203,145.7118007659912,0.31882939582561015
2022-02-07,168.1898193359375,-0.0042343911481783625,167.63484802246094,145.8986142730713,0.31370946409796757
2022-02-08,171.29574584960938,0.018466792615242644,167.99187316894532,146.09900947570802,0.3200780662978911
2022-02-09,172.7164306640625,0.008293754216759375,168.3101840209961,146.308115234375,0.32105216174246
2022-02-10,168.64047241210938,-0.023599134351502182,168.44794769287108,146.50078605651856,0.3270431533510394
2022-02-11,165.2308807373047,-0.020218110315017523,168.52789154052735,146.6768957519531,0.3337586722214118
2022-02-14,165.4660186767578,0.0014230871275628942,168.63230529785156,146.86401847839355,0.3277988379659974
2022-02-15,169.2969512939453,0.023152382874886968,168.8509130859375,147.06503646850587,0.3376153272448647
2022-02-16,169.0618133544922,-0.0013889082919447127,168.99671234130858,147.28771896362304,0.3305162222655246
2022-02-17,165.4660186767578,-0.021269112204508556,168.95591094970703,147.49120487213133,0.3307226225612805
2022-02-18,163.91793823242188,-0.009355881387103082,168.80782196044922,147.67896354675293,0.33031106262362464
2022-02-22,160.99822998046875,-0.017812011811747075,168.61151611328125,147.84875762939453,0.33342133963005394
2022-02-23,156.83409118652344,-0.02586450046345523,168.23622619628907,148.0141220855713,0.34564648435928563
2022-02-24,159.4501495361328,0.01668041896897332,167.9858642578125,148.1971523284912,0.3478461760993287
2022-02-25,161.51747131347656,0.012965317269114651,167.80444366455077,148.40583702087403,0.35015140530257155
2022-02-28,161.7820281982422,0.0016379459300237542,167.53104736328126,148.60511234283447,0.3497283190920308
2022-03-01,159.90084838867188,-0.011627866398517317,167.35780548095704,148.78288360595704,0.25067209683949127
2022-03-02,163.19293212890625,0.020588281884735826,167.27232513427734,148.98287174224853,0.2435160416334912
2022-03-03,162.8695831298828,-0.0019813909512209626,167.2075814819336,149.1881702041626,0.2434812905582582
2022-03-04,159.87139892578125,-0.018408496826019527,167.0194644165039,149.37925815582275,0.24728390209603682
2022-03-07,156.07969665527344,-0.02371720205105654,166.70365020751953,149.5386066055298,0.2531588590277402
2022-03-08,154.25726318359375,-0.011676300702357367,166.33886199951172,149.6980141067505,0.25451259129346687
2022-03-09,159.65586853027344,0.03499741428871572,166.0027847290039,149.87626796722412,0.28844459384862176
2022-03-10,155.31544494628906,-0.027186119896127403,165.60025268554688,150.03379524230957,0.2903388771656016
2022-03-11,151.60205078125,-0.023908724379106183,165.12169219970704,150.17299949645997,0.29387694282072263
2022-03-14,147.57513427734375,-0.026562414447260818,164.58568603515624,150.29972801208496,0.29627894997994886
2022-03-15,151.95480346679688,0.029677555171471193,164.1496026611328,150.45162330627443,0.3162122678934833
2022-03-16,156.36376953125,0.029014983165152275,163.7148046875,150.6271732711792,0.3357859933517751
2022-03-17,157.37298583984375,0.0064542848488444715,163.34539947509765,150.80396434783935,0.32451957774050716
2022-03-18,160.66505432128906,0.02091889191703844,163.13538330078126,151.00463066101074,0.3351776046844627
2022-03-21,162.03675842285156,0.008537663074008828,163.00994873046875,151.2006915664673,0.32968220993190317
2022-03-22,165.40721130371094,0.020800544973035295,162.94859619140624,151.4135559463501,0.3362961317975338
2022-03-23,166.76910400390625,0.008233575123243408,162.91408935546875,151.62913208007814,0.33033595753948763
2022-03-24,170.5511016845703,0.022678047611117913,162.8986636352539,151.86171573638916,0.3216424235307333
2022-03-25,171.18795776367188,0.0037341070964138634,162.88716766357422,152.10245937347412,0.31842131505454624
2022-03-28,172.0501708984375,0.0050366459535426955,162.95828216552735,152.34146503448486,0.31665627356549736
2022-03-29,175.3422393798828,0.019134351708308683,163.0780157470703,152.58166229248047,0.3213333036787344
2022-03-30,174.17633056640625,-0.006649332286389864,163.23842742919922,152.82012756347658,0.3187278718162282
2022-03-31,171.08018493652344,-0.017775926383420848,163.4067840576172,153.0406242752075,0.32167558780931566
2022-04-01,170.78623962402344,-0.0017181727539578029,163.60292358398436,153.25165088653566,0.3216312364341843
2022-04-04,174.832763671875,0.02369350163549333,163.92109161376953,153.48939834594728,0.32027954895597044
2022-04-05,171.5210723876953,-0.018942051905071144,164.1884878540039,153.701611328125,0.3153753574531564
2022-04-06,168.3563690185547,-0.018450813798477905,164.42859954833983,153.88980529785155,0.32063434414122055
2022-04-07,168.6601104736328,0.0018041577924778895,164.67654724121093,154.08088401794433,0.3006774084483567
2022-04-08,166.65158081054688,-0.011908741536131862,164.8935220336914,154.26333450317384,0.2857767924914503
2022-04-11,162.39927673339844,-0.02551613405925357,164.80802032470703,154.42598709106446,0.2877676158469274
2022-04-12,164.27066040039062,0.011523349762599722,164.67285705566405,154.58984992980956,0.26725160470155446
2022-04-13,166.95529174804688,0.016342731812928557,164.59471282958984,154.75957473754883,0.2556347833783517
2022-04-14,161.94857788085938,-0.029988350861877233,164.39236236572265,154.9011923980713,0.266173044671643
2022-04-18,161.73304748535156,-0.0013308569814448612,164.24323944091796,155.04022018432616,0.2658262910866629
2022-04-19,164.01593017578125,0.014115128144335909,164.14545745849608,155.17753997802734,0.2605353812728929
2022-04-20,163.84934997558594,-0.0010156342741634017,164.05864807128907,155.30397773742675,0.2592030285441232
2022-04-21,163.05572509765625,-0.0048436254281627455,163.89384765625,155.41400772094727,0.24911917336722678
2022-04-22,158.5193328857422,-0.027821115812996844,163.60990570068358,155.5078437805176,0.26394386608110854
2022-04-25,159.58731079101562,0.006737209183457882,163.4288424682617,155.59789741516113,0.25037862223783586
2022-04-26,153.63023376464844,-0.037328011837784225,163.1968295288086,155.6611414337158,0.2755232027086725
2022-04-27,153.40487670898438,-0.0014668795987727856,162.95560668945313,155.71769760131835,0.2734528447153209
2022-04-28,160.33192443847656,0.04515532933567101,162.77630615234375,155.79176635742186,0.31452685602256236
2022-04-29,154.46302795410156,-0.03660466563305709,162.48433044433594,155.83975898742676,0.33413344907676706
2022-05-02,154.76673889160156,0.0019662371087938446,162.27034484863282,155.89946563720704,0.3319805613382353
2022-05-03,156.25601196289062,0.009622694656195696,162.11710632324218,155.98583877563476,0.3355062281077002
2022-05-04,162.66384887695312,0.04100857838087091,162.15041870117187,156.08620193481445,0.3581218826409189
2022-05-05,153.600830078125,-0.055716244644400614,162.0857534790039,156.14490867614745,0.3988472116520078
2022-05-06,154.32691955566406,0.004727119489977838,161.98328887939454,156.20041618347167,0.3970309449421873
2022-05-09,149.20494079589844,-0.0331891466149441,161.73703826904296,156.22172805786133,0.409090512441767
2022-05-10,151.60891723632812,0.016111909080263942,161.53357604980468,156.25296218872072,0.41503328776152815
2022-05-11,143.7493133544922,-0.0518413034345756,161.2105453491211,156.2557280731201,0.4412840251949764
2022-05-12,139.88330078125,-0.02689412897373933,160.74435272216797,156.24789581298828,0.4427623544742599
2022-05-13,144.347900390625,0.031916601799072186,160.37391906738281,156.25916709899903,0.45629852476075505
2022-05-16,142.807373046875,-0.010672322490186015,160.0326385498047,156.26166244506837,0.44861623044869076
2022-05-17,146.43788146972656,0.025422415841651835,159.83980224609374,156.28396881103515,0.46121139448843795
2022-05-18,138.1759796142578,-0.056419157205417125,159.51817657470704,156.25598991394043,0.4895493045837761
2022-05-19,134.77113342285156,-0.024641375446813996,159.0204818725586,156.2129867553711,0.49233395828692667
2022-05-20,135.00660705566406,0.0017472111930207923,158.6143051147461,156.1706243133545,0.493528994521596
2022-05-23,140.4229736328125,0.04011927042144858,158.39072357177736,156.15876373291016,0.5156120789043146
2022-05-24,137.724609375,-0.01921597433813338,158.19371307373046,156.1336555480957,0.515847947244744
2022-05-25,137.88162231445312,0.0011400499893639005,157.9122494506836,156.11172637939453,0.5039423137529128
2022-05-26,141.0803985595703,0.023199438702730557,157.60658203125,156.1045206451416,0.5130689683462697
2022-05-27,146.8303680419922,0.040756685841045304,157.39572967529296,156.1112615966797,0.5080167706336686
2022-05-31,146.04539489746094,-0.005346122569867551,157.1033364868164,156.1130517578125,0.49383959018087964
2022-06-01,145.91783142089844,-0.0008734508654111295,156.78095794677733,156.1043352508545,0.4936356739226749
2022-06-02,148.37088012695312,0.016811164764221953,156.4402313232422,156.1124275970459,0.4964498131626003
2022-06-03,142.65037536621094,-0.03855544130928823,155.95785675048828,156.11062889099122,0.48601366455940503
2022-06-06,143.39608764648438,0.005227552176845229,155.41475646972657,156.11089797973634,0.4517633980684498
2022-06-07,145.91783142089844,0.01758586176096344,154.9093539428711,156.11649620056153,0.45666090101390305
2022-06-08,145.18191528320312,-0.005043359886377163,154.3719888305664,156.11098876953125,0.4428467490910912
2022-06-09,139.96180725097656,-0.03595563553520986,153.6643801879883,156.07982048034668,0.4541904474729266
2022-06-10,134.55526733398438,-0.03862868037490608,152.87195892333983,156.02777526855468,0.4384712216966927
2022-06-13,129.40382385253906,-0.038284963372401726,152.03843170166016,155.95397918701173,0.4480365958269168
2022-06-14,130.2672882080078,0.006672634005411737,151.22805267333985,155.87932136535645,0.4312406389710327
2022-06-15,132.8871612548828,0.02011151903839159,150.389140625,155.79568069458008,0.4388266279222112
2022-06-16,127.61802673339844,-0.03965119332617817,149.51107971191405,155.691996383667,0.4434903314830889
2022-06-17,129.0897979736328,0.011532628092651764,148.72574829101563,155.59234901428223,0.4074561664814623
2022-06-21,133.31893920898438,0.03276123521562391,148.01892486572265,155.50827781677245,0.4172988901251629
2022-06-22,132.80870056152344,-0.003827203025228987,147.3420672607422,155.41847969055175,0.417420404898735
2022-06-23,135.67385864257812,0.021573572129993224,146.80755889892578,155.33133087158203,0.39925766740791807
2022-06-24,139.0001983642578,0.02451717489986538,146.30214965820312,155.26853294372557,0.403299188208476
2022-06-27,139.0001983642578,0.0,145.74304779052736,155.21081588745116,0.4033045866715131
2022-06-28,134.85946655273438,-0.029789394981095008,145.20126556396485,155.157311630249,0.4077953594968387
2022-06-29,136.6158447265625,0.013023766285930938,144.69892150878906,155.10975563049317,0.381791451332908
2022-06-30,134.15298461914062,-0.01802763151193265,144.10166259765626,155.0568717956543,0.3852227427819724
2022-07-01,136.32144165039062,0.016164061033798305,143.55110443115234,155.01038414001465,0.3913008358623265
2022-07-05,138.9020538330078,0.01893034691663109,143.06803100585938,154.97797218322754,0.3927150648473411
2022-07-06,140.2365264892578,0.009607292472826545,142.70237487792969,154.96557014465333,0.3724438002903341
2022-07-07,143.60215759277344,0.023999675318351787,142.38267181396483,154.98523918151855,0.38167406665521747
2022-07-08,144.27919006347656,0.004714639961211908,142.1956509399414,155.00589935302733,0.37692355956267626
2022-07-11,142.14991760253906,-0.01475800120586146,141.9705517578125,155.00409011840821,0.3799647927967764
2022-07-12,143.12130737304688,0.00683355844935396,141.6263394165039,155.00235008239747,0.3582736979901995
2022-07-13,142.75830078125,-0.0025363560357277715,141.39224487304688,154.998355178833,0.3281282316383137
2022-07-14,145.68235778808594,0.020482570826592328,141.21055725097656,155.01655349731445,0.29653156989269547
2022-07-15,147.3504180908203,0.011449981508130147,141.03244537353515,155.0599959564209,0.29716466437427597
2022-07-18,144.30865478515625,-0.020643058534039915,140.66534149169922,155.083734664917,0.3062673878886975
2022-07-19,148.16485595703125,0.02672189812604131,140.55662200927733,155.13325263977052,0.2710452147501775
2022-07-20,150.1665496826172,0.01350990903110283,140.4734146118164,155.18716033935547,0.2715228829666856
2022-07-21,152.4331512451172,0.015093917835167447,140.5379788208008,155.26954956054686,0.2572243714463176
2022-07-22,151.19680786132812,-0.008110725086310056,140.5297366333008,155.33613235473632,0.2598116757032177
2022-07-25,150.07823181152344,-0.007398145937251521,140.6563150024414,155.39277420043945,0.2577581932615452
2022-07-26,148.75357055664062,-0.008826471626787291,140.8337203979492,155.43649055480958,0.2516600409665494
2022-07-27,153.84613037109375,0.034234874466519294,141.0236849975586,155.5075749206543,0.27295277065919427
2022-07-28,154.39561462402344,0.0035716481890333274,141.25544982910156,155.58184631347658,0.24212451979847152
2022-07-29,159.45872497558594,0.03279309690169585,141.51586669921875,155.6877847290039,0.2579297895533281
2022-08-01,158.47750854492188,-0.006153419518526104,141.92189727783204,155.791748046875,0.24612339758972882
2022-08-02,157.00564575195312,-0.00928751850330567,142.36658752441406,155.87442832946778,0.2513268940278843
2022-08-03,163.01077270507812,0.038247840861801,142.92667083740236,155.9818579864502,0.2711367099979829
2022-08-04,162.69676208496094,-0.0019263182114062083,143.3721466064453,156.07936317443847,0.27309819253388196
2022-08-05,162.47079467773438,-0.0013888869349997224,143.8670703125,156.16494148254395,0.26757067320978223
2022-08-08,161.9990997314453,-0.0029032599195731867,144.34941986083984,156.245718460083,0.26933792832962816
2022-08-09,162.0482635498047,0.00030348204675756385,144.76877716064453,156.3256664276123,0.25983225364314766
2022-08-10,166.29307556152344,0.02619473926305993,145.15803131103516,156.43069808959962,0.2687569477613341
2022-08-11,165.55612182617188,-0.00443165617607999,145.54824584960937,156.532289352417,0.26971002553543816
2022-08-12,169.10325622558594,0.02142557073871565,146.01195434570312,156.6482940673828,0.2703135808878818
2022-08-15,170.1742401123047,0.006333313211249081,146.44802154541014,156.77194984436036,0.2698952511607234
2022-08-16,170.01702880859375,-0.0009238255073575896,146.99535461425782,156.87664527893065,0.252516471257036
2022-08-17,171.5105743408203,0.008784681997401567,147.55764434814452,157.00234146118163,0.24319346111282747
2022-08-18,171.11752319335938,-0.0022917021237411905,148.06163818359374,157.1301760864258,0.2441059879318012
2022-08-19,168.5333251953125,-0.015101889916480316,148.52866638183593,157.23991119384766,0.2527356523482416
2022-08-22,164.65211486816406,-0.023029334540516033,149.02247253417968,157.3230586242676,0.2672860848302729
2022-08-23,164.3180389404297,-0.0020289804841066017,149.6177279663086,157.40712493896484,0.26498745256625617
2022-08-24,164.61279296875,0.0017938020087202577,150.3219073486328,157.49002296447753,0.2608002647618256
2022-08-25,167.06922912597656,0.014922510656221633,151.0579461669922,157.58931312561035,0.24134299566673187
2022-08-26,160.7708740234375,-0.0376990732254463,151.6156204223633,157.6553010559082,0.2813822516172832
2022-08-29,158.5699005126953,-0.013690125926797747,152.2346578979492,157.72442398071288,0.262916370036939
2022-08-30,156.14291381835938,-0.015305468985531867,152.77572021484374,157.78165672302245,0.2674285146759757
2022-08-31,154.48231506347656,-0.010635120827926836,153.19898773193358,157.8202138519287,0.26802200318561875
2022-09-01,155.20945739746094,0.004706961658916153,153.64700286865235,157.862357711792,0.22906361504757924
2022-09-02,153.09686279296875,-0.013611249210686016,153.99546295166016,157.8890460205078,0.2324184145131795
2022-09-06,151.8391876220703,-0.008214898384947156,154.2522427368164,157.89726295471192,0.23310203370392352
2022-09-07,153.24427795410156,0.009253805648173907,154.5371243286133,157.891075592041,0.23701215309492124
2022-09-08,151.77041625976562,-0.009617727421948996,154.8753433227539,157.8644065093994,0.23800451943370673
2022-09-09,154.6297149658203,0.018839631441484705,155.23562072753907,157.84973419189453,0.22777763922708724
2022-09-12,160.58421325683594,0.03850811140880528,155.76424530029297,157.8629263305664,0.2699016403197877
2022-09-13,151.16119384765625,-0.05867961251028242,156.06104034423828,157.82641021728514,0.32240809608026766
2022-09-14,152.60560607910156,0.009555443395750318,156.33511138916015,157.8222158050537,0.32404041560999464
2022-09-15,149.71676635742188,-0.018930102215132805,156.52471618652345,157.7867951965332,0.32719242929936243
2022-09-16,148.07589721679688,-0.010959822206603853,156.6141909790039,157.7184132385254,0.32320329860381264
2022-09-19,151.79005432128906,0.02508279317770623,156.76440826416015,157.67119506835937,0.3413846774569076
2022-09-20,154.16790771484375,0.015665409727843915,157.00476806640626,157.64080795288086,0.34703598281925335
2022-09-21,151.04327392578125,-0.0202677316918769,157.16320739746095,157.60419151306152,0.3452556095730217
2022-09-22,150.0803680419922,-0.0063750331859345755,157.3096487426758,157.5457341003418,0.3452915412515705
2022-09-23,147.81056213378906,-0.01512393618043395,157.35221282958983,157.44725646972657,0.3466367887123318
2022-09-26,148.1446533203125,0.002260265989794785,157.3680975341797,157.33136779785156,0.34023646304262756
2022-09-27,149.11737060546875,0.006565996567240884,157.46427185058593,157.22288703918457,0.3214688921340273
2022-09-28,147.2308349609375,-0.012651347303612281,157.44559143066405,157.0810482788086,0.3210689917021336
2022-09-29,139.99899291992188,-0.049119072393594254,157.24224029541017,156.9212020111084,0.35638434046006046
2022-09-30,135.7935333251953,-0.030039213190140912,156.90944793701172,156.74722717285155,0.3664869346497461
2022-10-03,139.9695281982422,0.030752531219924162,156.68490234375,156.5698155975342,0.3865120901953106
2022-10-04,143.55596923828125,0.02562301299579639,156.55445709228516,156.44478073120118,0.3987203062984359
2022-10-05,143.8507537841797,0.0020534468017079366,156.45640075683593,156.32669975280763,0.3985354902708329
2022-10-06,142.89761352539062,-0.006625896866825354,156.23743041992188,156.21065399169922,0.39654296897146185
2022-10-07,137.65061950683594,-0.036718555958405674,155.90253051757813,156.05252082824708,0.4129934610510584
2022-10-10,137.97486877441406,0.002355596137088467,155.4728533935547,155.88304313659668,0.40522403559095665
2022-10-11,136.55992126464844,-0.010255110385928523,155.0345016479492,155.703359375,0.3730355681558499
2022-10-12,135.9310760498047,-0.004604903173787478,154.61301025390625,155.5007160949707,0.32310145348774716
2022-10-13,140.50013732910156,0.033613073714084285,154.1627975463867,155.3260065460205,0.3465117747323113
2022-10-14,135.9704132080078,-0.03223999781924425,153.62827056884765,155.12820823669435,0.35679768951476654
2022-10-17,139.9302215576172,0.029122573478920444,153.17745910644533,154.955982131958,0.37401994771323793
2022-10-18,141.24688720703125,0.009409444469949069,152.76241485595702,154.79342170715333,0.3632823120289404
2022-10-19,141.35501098632812,0.0007654949530915278,152.3485498046875,154.6096784210205,0.3571628788860701
2022-10-20,140.8931427001953,-0.0032674348288754818,151.84055114746093,154.4349279022217,0.3521550955344178
2022-10-21,144.70559692382812,0.027059189330067568,151.42354064941406,154.30262657165528,0.36693856929191826
2022-10-24,146.84765625,0.014802878200346647,150.97842864990236,154.1953224182129,0.36756099816824617
2022-10-25,149.6873016357422,0.019337355857473426,150.5686898803711,154.10138473510742,0.37362631236640187
2022-10-26,146.74937438964844,-0.019627097382268754,150.10333679199218,153.99265937805177,0.37946878722149247
2022-10-27,142.27857971191406,-0.03046551098653094,149.51869689941407,153.84744033813476,0.39149060924345885
2022-10-28,153.0281219482422,0.07555278003262211,149.1569088745117,153.7537671661377,0.43550203968287143
2022-10-31,150.66989135742188,-0.015410439341455917,148.79964019775392,153.6646443939209,0.42362766484883296
2022-11-01,148.0267333984375,-0.017542708335232193,148.46713256835938,153.55800025939942,0.420082009745723
2022-11-02,142.5045928955078,-0.037305021708923136,148.03086364746093,153.43974449157716,0.43371434673832576
2022-11-03,136.46168518066406,-0.04240500317961504,147.46784149169923,153.30874114990235,0.4577408471908514
2022-11-04,136.1959686279297,-0.001947187977215603,146.85037628173828,153.18482467651367,0.4574469468297575
2022-11-07,136.72743225097656,0.003902197902044824,146.36950744628905,153.07384002685546,0.439784239810048
2022-11-08,137.29827880859375,0.004175069685864896,145.94407501220704,152.96957511901854,0.4399500573609149
2022-11-09,132.7413330078125,-0.03319011600381416,145.4760433959961,152.85152786254883,0.4537276344283072
2022-11-10,144.55191040039062,0.08897437689497223,145.27743530273438,152.7929737854004,0.5498819646534547
2022-11-11,147.33729553222656,0.01926909941294297,145.1199920654297,152.7506460571289,0.5421725279959428
2022-11-14,145.939697265625,-0.009485705988785953,144.9768487548828,152.64697273254396,0.5292138347531083
2022-11-15,147.67190551757812,0.011869342505215208,144.89350311279296,152.53018814086914,0.52217758022351
2022-11-16,146.44166564941406,-0.008330899935584668,144.75745086669923,152.4080839538574,0.523079337668021
2022-11-17,148.34120178222656,0.012971281939390344,144.68886657714845,152.28945945739747,0.5243574757394206
2022-11-18,148.90220642089844,0.0037818531327220573,144.57431640625,152.18802452087402,0.5238970185772791
2022-11-21,145.67391967773438,-0.021680583657966324,144.27611053466796,152.07186897277833,0.5230669048835291
2022-11-22,147.80970764160156,0.014661429915471924,144.20908081054688,151.96996841430663,0.5230194925221394
2022-11-23,148.6856689453125,0.005926277222839227,144.1306820678711,151.85691802978516,0.5190835240297936
2022-11-25,145.7723846435547,-0.019593578334905493,144.05179443359376,151.72219779968262,0.5190674245457371
2022-11-28,141.94378662109375,-0.026264220289890283,143.9291522216797,151.58871437072753,0.516138112465783
2022-11-29,138.94189453125,-0.021148457155486744,143.6721890258789,151.45726943969726,0.4420630222055471
2022-11-30,145.6936492919922,0.04859408879892313,143.50270385742186,151.35840759277343,0.47596344847736166
2022-12-01,145.96923828125,0.001891564873260032,143.40122314453126,151.24176902770995,0.47229195833544996
2022-12-02,145.47711181640625,-0.0033714395624613314,143.30915802001954,151.12384552001953,0.4529837256403571
2022-12-05,144.31573486328125,-0.007983228004902032,143.23926147460938,151.01809410095214,0.42596702993692986
2022-12-06,140.6544647216797,-0.025369861055484333,143.0894577026367,150.90177673339844,0.4369806051781901
2022-12-07,138.71556091308594,-0.013784872115011448,142.88142150878906,150.79036338806154,0.44023542717612235
2022-12-08,140.39852905273438,0.012132511511833366,142.744775390625,150.70818557739258,0.44180885877564374
2022-12-09,139.91632080078125,-0.0034345676924578683,142.7431219482422,150.61051643371582,0.4241061090298467
2022-12-12,142.20953369140625,0.016389888452614354,142.8714419555664,150.51397674560548,0.29246509795699555
2022-12-13,143.1740264892578,0.006782195066784347,142.9355319213867,150.42093673706054,0.2848671657084958
2022-12-14,140.94972229003906,-0.015535668401318814,142.8834069824219,150.3261811065674,0.28783669755875296
2022-12-15,134.3456268310547,-0.04685426371677981,142.69330444335938,150.18194458007812,0.32318308079449737
2022-12-16,132.38705444335938,-0.014578609173176105,142.48309326171875,150.0295319366455,0.32488604136173965
2022-12-19,130.28082275390625,-0.015909649914858215,142.33569732666015,149.88157905578612,0.32058763926911277
2022-12-20,130.21189880371094,-0.00052904141022736,142.1804379272461,149.75224006652832,0.31928069114962115
2022-12-21,133.31216430664062,0.02380938709451752,142.11548278808593,149.64751457214356,0.3301463484938174
2022-12-22,130.1430206298828,-0.023772351857316187,141.9997216796875,149.4999503326416,0.3296065133874699
2022-12-23,129.77883911132812,-0.0027983177030321826,141.78529571533204,149.3722673034668,0.3270585927282199
2022-12-27,127.97772979736328,-0.013878297311781251,141.62544204711915,149.25414569854738,0.324712218244733
2022-12-28,124.05072021484375,-0.030685101140155102,141.30785202026368,149.13652362823487,0.32853031305945124
2022-12-29,127.56436157226562,0.028324231824987223,141.03420150756835,149.01457141876222,0.34446547447092113
2022-12-30,127.8792953491211,0.0024688225847235845,140.7646871948242,148.87214904785156,0.2885206767000028
2023-01-03,123.09601593017578,-0.03740464322927772,140.40874465942383,148.70076419830323,0.3064757222252117
2023-01-04,124.36565399169922,0.010314209212454184,140.00194580078124,148.51926719665528,0.3126309255334584
2023-01-05,123.04680633544922,-0.010604597120825843,139.52592880249023,148.32431743621825,0.31283996211581455
2023-01-06,127.5741958618164,0.03679404334985059,139.0836666870117,148.1351523590088,0.34066818082439304
2023-01-09,128.09584045410156,0.004088950659349555,138.71059600830077,147.94178604125977,0.3401014000513738
2023-01-10,128.66668701171875,0.0044564019845885205,138.43835815429688,147.7323639678955,0.3366591650727543
2023-01-11,131.38314819335938,0.02111238926508774,138.00545867919922,147.53333992004394,0.34767411670079523
2023-01-12,131.3043975830078,-0.000599396584984091,137.61814880371094,147.3296110534668,0.34079504087498697
2023-01-13,132.633056640625,0.01011892276324744,137.31027526855468,147.1160651397705,0.3422651781035415
2023-01-17,133.79443359375,0.008756315978389884,137.13607208251952,146.91415565490723,0.3417680001138944
2023-01-18,133.0759735107422,-0.005369880223786594,137.0683578491211,146.72413459777832,0.3013855214145222
2023-01-19,133.1350555419922,0.0004439721889033521,137.00713958740235,146.53587867736817,0.2968643949641992
2023-01-20,135.6939697265625,0.01922043878040225,136.98647033691407,146.3401847076416,0.2974362553167814
2023-01-23,138.88287353515625,0.02350070393710002,137.0181622314453,146.17699371337892,0.3062689259808572
2023-01-24,140.2804412841797,0.010062923623693987,137.16894439697265,146.03661407470702,0.2982398446378974
2023-01-25,139.62103271484375,-0.004700645102763135,137.0703268432617,145.8914186859131,0.28396862144232365
2023-01-26,141.68788146972656,0.014803276517113773,136.95733856201173,145.766600189209,0.2855866300896499
2023-01-27,143.62680053710938,0.013684438268611432,136.9110806274414,145.67273780822754,0.2793194360429137
2023-01-30,140.74305725097656,-0.020078030530156776,136.7725036621094,145.55509979248046,0.2639231556534493
2023-01-31,142.01263427734375,0.00902053039890438,136.68392303466797,145.43038650512696,0.25168616267908794
2023-02-01,143.13465881347656,0.007900878269334388,136.57979217529297,145.33631690979004,0.25163535220947353
2023-02-02,148.43960571289062,0.03706262999744259,136.5705401611328,145.26984970092772,0.22214670848753965
2023-02-03,152.06153869628906,0.024400044489500505,136.69829254150392,145.21007774353026,0.2284291501985085
2023-02-06,149.3352508544922,-0.017928845552734107,136.7288034057617,145.13750724792482,0.23785403700614263
2023-02-07,152.20912170410156,0.019244423759060103,136.7992724609375,145.08327423095704,0.21941216534617902
2023-02-08,149.52220153808594,-0.017652819594078384,136.87426879882813,145.03828857421874,0.23716915728377683
2023-02-09,148.4888458251953,-0.006911052019438091,137.00516998291016,144.98279624938965,0.24222126692763735
2023-02-10,148.85350036621094,0.002455770593334128,137.20340209960938,144.95891258239746,0.23705006840438986
2023-02-13,151.6529998779297,0.01880707880453869,137.3225891113281,144.9501531982422,0.2396899494133098
2023-02-14,151.01226806640625,-0.004224986067134728,137.42344970703124,144.90355491638184,0.24246674591044723
2023-02-15,153.11183166503906,0.013903265115583485,137.5761441040039,144.89679893493653,0.2437732347326861
2023-02-16,151.51498413085938,-0.010429288950530524,137.72012908935548,144.8805401611328,0.2474931977556811
2023-02-17,150.37155151367188,-0.007546663610510929,137.9144708251953,144.8511178588867,0.25139810930504014
2023-02-21,146.3596649169922,-0.02667982445013828,138.06735290527342,144.7695969390869,0.27039540585267435
2023-02-22,146.78353881835938,0.002896111449883332,138.19505310058594,144.73551048278807,0.26067528788965566
2023-02-23,147.2665557861328,0.0032906753145607315,138.34205780029296,144.70020866394043,0.2593389562530052
2023-02-24,144.61492919921875,-0.018005626415035336,138.39016571044922,144.67725860595704,0.2679110829906287
2023-02-27,145.80764770507812,0.008247547555870316,138.44283813476562,144.64825225830077,0.2648500499127142
2023-02-28,145.30496215820312,-0.0034475938319213917,138.5299429321289,144.65603050231934,0.26154612290765594
2023-03-01,143.23492431640625,-0.01424616070264062,138.70772888183595,144.67278861999512,0.25644400647365245
2023-03-02,143.8263702392578,0.004129201908502855,138.93651519775392,144.6701809692383,0.25506284279681257
2023-03-03,148.87326049804688,0.035090159408135424,139.3083639526367,144.70051040649415,0.2807909117391786
2023-03-06,151.63328552246094,0.018539427531717667,139.73679168701173,144.7264874267578,0.25807796818169343
2023-03-07,149.4351043701172,-0.014496692759573215,140.05925048828124,144.78278305053712,0.2489173365032875
2023-03-08,150.6869659423828,0.008377292454422536,140.47012939453126,144.86236221313476,0.24259252688850053
2023-03-09,148.4395294189453,-0.014914604653310515,140.8433432006836,144.92952682495118,0.23822742553284856
2023-03-10,146.37937927246094,-0.01387871650192285,141.21137619018555,144.95930885314942,0.23526084101530706
2023-03-13,148.32125854492188,0.013266071232932664,141.69678695678712,145.012292098999,0.23912373665327352
2023-03-14,150.4109649658203,0.014089055347824786,142.15371902465822,145.07493881225585,0.24394319637524312
2023-03-15,150.80526733398438,0.002621500156279488,142.61223846435547,145.12356315612794,0.235008375063306
2023-03-16,153.6244354248047,0.01869409564174429,143.22280685424803,145.157533493042,0.24328217617143802
2023-03-17,152.7865753173828,-0.005453950767044358,143.79122528076172,145.1912393951416,0.2394859945990715
2023-03-20,155.1522674560547,0.015483638753978513,144.43333450317382,145.2374115753174,0.24206713425932305
2023-03-21,157.00543212890625,0.011944167515157034,145.0219592285156,145.28058433532715,0.24256776717196604
2023-03-22,155.57614135742188,-0.009103447900521533,145.57156524658203,145.3452131652832,0.22308850544299316
2023-03-23,156.66041564941406,0.006969412421029109,146.13143981933592,145.41153480529786,0.22350910875212593
2023-03-24,157.9616241455078,0.008305917552304365,146.6630093383789,145.4717537689209,0.22420892230899286
2023-03-27,156.01971435546875,-0.012293554213207214,147.15731567382812,145.52594276428223,0.21811556797089734
2023-03-28,155.39869689941406,-0.003980378111959504,147.61262847900392,145.6031272125244,0.2190220023071382
2023-03-29,158.4741973876953,0.019791031389870373,148.10622375488282,145.72272186279298,0.22494465007204986
2023-03-30,160.04147338867188,0.009889786645471021,148.6455337524414,145.87591011047363,0.21529037921179056
2023-03-31,162.54522705078125,0.015644405222569047,149.23373718261718,146.0372998046875,0.21812141169790383
2023-04-03,163.7970428466797,0.007701338382008371,149.79579864501954,146.19184921264647,0.1909298911785486
2023-04-04,163.26478576660156,-0.003249491387804504,150.28343688964844,146.3700830078125,0.18577678504906955
2023-04-05,161.4214630126953,-0.011290387852169181,150.70625732421874,146.5317413330078,0.18213986120491657
2023-04-06,162.3086395263672,0.005496025727397269,151.16000946044923,146.67668983459473,0.1814885623792362
2023-04-10,159.7161865234375,-0.015972366045915565,151.52057556152343,146.8112272644043,0.18288031518534986
2023-04-11,158.50372314453125,-0.007591361935806895,151.81811401367187,146.92537658691407,0.17651406115727095
2023-04-12,157.81375122070312,-0.00435303291392708,152.1595278930664,147.01944435119628,0.17522561547150178
2023-04-13,163.19578552246094,0.03410370934172291,152.58319091796875,147.1404222869873,0.2027210101888537
2023-04-14,162.85076904296875,-0.002114126160719376,152.9775131225586,147.28037879943847,0.20377874100360938
2023-04-17,162.8704833984375,0.0001210577977899252,153.26613067626954,147.41165199279786,0.19664170414823925
2023-04-18,164.0927734375,0.007504674963555891,153.50675537109376,147.56135093688965,0.19485448463510735
2023-04-19,165.23622131347656,0.006968301236081498,153.82477478027343,147.70592483520508,0.1904254111681481
2023-04-20,164.27020263671875,-0.005846288840781089,154.0659963989258,147.83276557922363,0.18995220923747888
2023-04-21,162.6634979248047,-0.009780865221596269,154.32882232666014,147.94490043640135,0.19047497522390328
2023-04-24,162.9690704345703,0.001878556121465369,154.61842681884767,148.04173500061034,0.18968072049820306
2023-04-25,161.4313507080078,-0.00943565378670963,154.8699838256836,148.127495803833,0.1921299588957888
2023-04-26,161.4214630126953,-6.125015537028489e-05,155.0653530883789,148.2238535308838,0.18595567593109902
2023-04-27,166.00503540039062,0.02839506161169436,155.3652084350586,148.33827217102052,0.2062374315146207
2023-04-28,167.2569122314453,0.007541197940383437,155.6481100463867,148.4607652282715,0.19804495560615787
2023-05-01,167.16818237304688,-0.0005305003973506972,155.96117401123047,148.5681943511963,0.1965258996072346
2023-05-02,166.1331787109375,-0.006191391492190168,156.27640655517578,148.66210815429687,0.19214068756880792
2023-05-03,165.05877685546875,-0.006467111890624544,156.65038879394533,148.76585876464844,0.192284409239126
2023-05-04,163.42247009277344,-0.009913479270042824,156.98316741943358,148.84214683532716,0.1952558904790874
2023-05-05,171.09140014648438,0.04692702325058096,157.45966430664063,148.94677108764648,0.24911898065009971
2023-05-08,171.02236938476562,-0.0004034730071742487,157.98781311035157,149.03971717834472,0.24917945516938372
2023-05-09,169.3170928955078,-0.009971072763126587,158.45800201416014,149.13031860351563,0.24436152175969947
2023-05-10,171.0814971923828,0.010420709845070819,158.97353271484374,149.23533493041992,0.24258254476843294
2023-05-11,171.268798828125,0.001094809426010368,159.53421020507812,149.34791107177733,0.2410181197192466
2023-05-12,170.3409423828125,-0.005417545120075529,160.0645016479492,149.43038513183595,0.21647842691496352
2023-05-15,169.847412109375,-0.0028973085773376095,160.48398468017578,149.5076441192627,0.21668876769140769
2023-05-16,169.847412109375,0.0,160.84826721191405,149.55958755493165,0.21670304813863697
2023-05-17,170.4593963623047,0.003603141462853676,161.2687530517578,149.61949699401856,0.2158938562334695
2023-05-18,172.78892517089844,0.013666180089259683,161.71079223632813,149.6984133911133,0.21909781795715597
2023-05-19,172.8975067138672,0.000628405685499489,162.19995178222655,149.74784706115722,0.2172346002840185
2023-05-22,171.94989013671875,-0.005480799550896198,162.71136199951172,149.79411270141603,0.21466010941602026
2023-05-23,169.343994140625,-0.01515497331240967,163.13181671142578,149.82847869873046,0.22344410592689465
2023-05-24,169.62037658691406,0.0016320770493907233,163.51600494384766,149.8665850830078,0.21961240995929557
2023-05-25,170.75552368164062,0.006692280241135551,163.91501007080078,149.910121383667,0.21988585940511182
2023-05-26,173.1640167236328,0.014104920239550234,164.30580169677734,149.94447608947755,0.20389326443737485
2023-05-30,175.0098419189453,0.010659403900629139,164.7502670288086,149.9917446899414,0.20522552516651604
2023-05-31,174.96047973632812,-0.00028205375238299357,165.14643127441406,150.02103080749512,0.20518509381845457
2023-06-01,177.76380920410156,0.01602264392506325,165.56159881591796,150.0589786529541,0.20807943750286922
2023-06-02,178.61270141601562,0.004775393910126047,166.02233001708984,150.10195701599122,0.2050474051498372
2023-06-05,177.26040649414062,-0.0075711016694456346,166.43432983398438,150.13070617675783,0.2032197176118405
2023-06-06,176.89515686035156,-0.0020605257598861337,166.81300048828126,150.15959434509278,0.13056365996979893
2023-06-07,175.5231475830078,-0.007756059022163475,167.20306915283203,150.19454345703124,0.13442796521169326
2023-06-08,178.23760986328125,0.015464981785320964,167.65984741210937,150.26247093200683,0.13648522677692682
2023-06-09,178.62257385253906,0.0021598359041792303,168.06281494140626,150.3339936065674,0.13339682253988747
2023-06-12,181.416015625,0.015638794762676822,168.4903057861328,150.41800971984864,0.1413096121111769
2023-06-13,180.94219970703125,-0.002611764547558848,168.85824523925783,150.4873745727539,0.13958188217065565
2023-06-14,181.57398986816406,0.0034916684010461996,169.2137841796875,150.59139015197755,0.1379746133981094
2023-06-15,183.60736083984375,0.011198580662109547,169.62063568115235,150.71657745361327,0.1401183852993636
2023-06-16,182.53143310546875,-0.005859937910188129,170.04283508300782,150.84852005004882,0.14402634567956088
2023-06-20,182.62025451660156,0.00048660885208451354,170.4490673828125,150.98920974731445,0.13923379030991279
2023-06-21,181.58384704589844,-0.005675205488276824,170.88642059326173,151.12108169555665,0.1420844947649076
2023-06-22,184.5845489501953,0.016525158779890692,171.408037109375,151.27852012634278,0.1471146538198806
2023-06-23,184.26869201660156,-0.0017111775356613013,171.93713592529298,151.44066764831544,0.13235434296802054
2023-06-26,182.8769073486328,-0.007553017567647147,172.3307583618164,151.5888307952881,0.13817652668895716
2023-06-27,185.630859375,0.015059047455986851,172.78636016845704,151.75813301086427,0.14345506031277647
2023-06-28,186.8054962158203,0.0063278101753942995,173.2650604248047,151.91901191711426,0.13903051955295034
2023-06-29,187.14109802246094,0.0017965306880098897,173.7260269165039,152.0517963409424,0.136775076640575
2023-06-30,191.46453857421875,0.023102571254759452,174.25059326171876,152.2533130645752,0.15231174134782052
2023-07-03,189.97401428222656,-0.007784858246292936,174.76466949462892,152.44015510559083,0.15163973025813754
2023-07-05,188.858642578125,-0.005871180373356544,175.28857238769533,152.63586448669435,0.15471019010733447
2023-07-06,189.33242797851562,0.002508677357429656,175.8158395385742,152.84214714050293,0.15014769032003406
2023-07-07,188.21701049804688,-0.005891317680642216,176.351552734375,153.02428192138672,0.15240331841360794
2023-07-10,186.17376708984375,-0.01085578504725171,176.84659881591796,153.1843112182617,0.15550701050516064
2023-07-11,185.65061950683594,-0.0028099962265647482,177.23951049804688,153.35734794616698,0.14960836658956456
2023-07-12,187.31875610351562,0.008985354323680417,177.64074737548827,153.5435398864746,0.1515648455157293
2023-07-13,188.07884216308594,0.004057714643109556,178.05896057128905,153.74488128662108,0.14384454900103943
2023-07-14,188.22689819335938,0.000787201944517868,178.5008349609375,153.94529251098632,0.14302311913736995
2023-07-17,191.4842529296875,0.01730546891859186,179.02934448242186,154.15712692260743,0.15261935538160842
2023-07-18,191.2276611328125,-0.0013400151341386168,179.58544830322265,154.3771110534668,0.14985075951794943
2023-07-19,192.5799102783203,0.007071409740082801,180.01521850585937,154.64001564025878,0.1480099222990237
2023-07-20,190.63540649414062,-0.01009712685694708,180.40747924804688,154.91422500610352,0.15431714797379237
2023-07-21,189.4607391357422,-0.006161853036647402,180.81035217285157,155.161681060791,0.15463466755397737
2023-07-24,190.2602996826172,0.004220191214931113,181.19392822265624,155.3952027130127,0.14576079850358503
2023-07-25,191.1190643310547,0.004513630273210278,181.59093353271484,155.63154426574707,0.1456369259926608
2023-07-26,191.98768615722656,0.004544925066539918,182.02386840820313,155.87699462890626,0.14184934082534986
2023-07-27,190.72421264648438,-0.006581013272421443,182.44140441894533,156.1423625946045,0.1371612116588392
2023-07-28,193.30052185058594,0.013508034288634674,182.91046661376953,156.41899085998534,0.1426080409499204
2023-07-31,193.91249084472656,0.0031658941645984484,183.37952850341796,156.70575370788575,0.1427025665134978
2023-08-01,193.0833282470703,-0.004275962801799094,183.7854165649414,156.99151496887208,0.12089183159663758
2023-08-02,190.09249877929688,-0.015489837962324504,184.12931640625,157.23947677612304,0.13008456662448092
2023-08-03,188.70068359375,-0.007321778578768701,184.46433227539063,157.50312812805177,0.13101190763457615
2023-08-04,179.63925170898438,-0.04802013279545825,184.6702374267578,157.70167327880858,0.2111828910515266
2023-08-07,176.53985595703125,-0.017253443901971588,184.80862701416015,157.8781381225586,0.2171247480280154
2023-08-08,177.47755432128906,0.005311539194220449,184.94306762695314,158.0587508392334,0.21693473920608755
2023-08-09,175.8883514404297,-0.008954387989719703,184.99755432128907,158.23372688293458,0.21819838593975716
2023-08-10,175.67120361328125,-0.0012345776475253256,185.01078155517578,158.38855491638185,0.2142703214377771
2023-08-11,175.73048400878906,0.00033745084162073447,185.026181640625,158.53296905517578,0.21311866217569644
2023-08-14,177.38116455078125,0.009393250984898183,185.0185287475586,158.67143836975097,0.2171641931892426
2023-08-15,175.3944549560547,-0.01120022861366321,184.95416381835938,158.814663772583,0.20619860479241783
2023-08-16,174.52462768554688,-0.0049592632259995995,184.8994482421875,158.97589401245116,0.20597172710077813
2023-08-17,171.98443603515625,-0.014554918031210229,184.8012338256836,159.07067558288574,0.20459886103674266
2023-08-18,172.46876525878906,0.002816122405016941,184.74014617919923,159.17966995239257,0.20566408549102627
2023-08-21,173.8031005859375,0.007736678146598175,184.65145599365235,159.30855178833008,0.2099889103738439
2023-08-22,175.17698669433594,0.007904842340364926,184.58254425048827,159.47191375732422,0.21218588625643592
2023-08-23,179.02191162109375,0.021948801605240265,184.53466217041014,159.68471488952636,0.22878027733286485
2023-08-24,174.33685302734375,-0.026170308155719524,184.4025552368164,159.87541931152344,0.24044751772291142
2023-08-25,176.54100036621094,0.012643037318801786,184.30189544677734,160.0744871520996,0.24744219978857926
2023-08-28,178.1027069091797,0.008846140781626932,184.19180236816408,160.27850929260254,0.24389301229525903
2023-08-29,181.98716735839844,0.021810226900142338,184.18091705322266,160.52473846435547,0.2586841318510465
2023-08-30,185.47628784179688,0.01917234349017094,184.23803771972655,160.7293603515625,0.2696225207814828
2023-08-31,185.6937255859375,0.0011723209832952275,184.32023529052734,160.92114250183104,0.26508192930465935
2023-09-01,187.26531982421875,0.008463367479554007,184.3738507080078,161.127770614624,0.2659619149016483
2023-09-05,187.50253295898438,0.0012667221832012299,184.43852752685547,161.32692375183106,0.20131331776996833
2023-09-06,180.79119873046875,-0.03579329901630557,184.3968133544922,161.49867141723632,0.23173817908428967
2023-09-07,175.503173828125,-0.0292493491910929,184.1942596435547,161.63448127746582,0.25394194368334533
2023-09-08,176.11599731445312,0.003491808569389576,183.98046966552735,161.77055023193358,0.2523200999682627
2023-09-11,177.2823028564453,0.006622371390315962,183.78329376220702,161.92859214782715,0.2532302439051116
2023-09-12,174.25778198242188,-0.017060478261457068,183.43915863037108,162.06083251953126,0.2604881791875017
2023-09-13,172.1920166015625,-0.011854652098508667,183.08351867675782,162.1783642578125,0.26095373492217033
2023-09-14,173.70425415039062,0.008782274455425565,182.78043090820313,162.31802360534667,0.26056603661889194
2023-09-15,172.9827117919922,-0.004153855424713693,182.45343658447266,162.47321823120117,0.26040069286229667
2023-09-18,175.90843200683594,0.016913367726376416,182.20726501464844,162.6580509185791,0.2614997158377247
2023-09-19,176.99569702148438,0.006180857860220046,182.02370361328124,162.81456115722656,0.2620201402005894
2023-09-20,173.45713806152344,-0.019992344557005937,181.779833984375,162.95200065612792,0.2709783487276991
2023-09-21,171.91522216796875,-0.008889319348782232,181.47176330566407,163.08419120788574,0.271085575446974
2023-09-22,172.76524353027344,0.00494442174221299,181.16549133300782,163.2264387512207,0.25928452456663836
2023-09-25,174.04029846191406,0.0073802745597797426,180.8817593383789,163.39336791992187,0.24481129419877018
2023-09-26,169.96804809570312,-0.023398318677912866,180.45143524169922,163.54963035583495,0.2531155748318834
2023-09-27,168.4557647705078,-0.008897456563976114,179.99599731445312,163.68991653442382,0.2512717378642901
2023-09-28,168.71273803710938,0.0015254643671687163,179.5186538696289,163.83389862060548,0.2358686288139531
2023-09-29,169.2267303466797,0.0030465530673637886,179.0904803466797,163.96898460388184,0.22258390192050037
2023-10-02,171.73728942871094,0.014835475913811624,178.73601135253907,164.1118009185791,0.2316351214247268
2023-10-03,170.40289306640625,-0.007769986161675124,178.33886322021485,164.25906677246093,0.2277665530265719
2023-10-04,171.64834594726562,0.007308871689015506,177.94944885253906,164.445580368042,0.23059948910509
2023-10-05,172.88388061523438,0.007198057523655654,177.56737274169922,164.64806449890136,0.2025228383414502
2023-10-06,175.43399047851562,0.014750420075060111,177.26156829833985,164.87383033752442,0.18462945303985856
2023-10-09,176.91661071777344,0.008451157242754359,176.9338900756836,165.10735389709473,0.18658464994237134
2023-10-10,176.3235626220703,-0.0033521334898800603,176.58211151123047,165.32241088867187,0.18551020015291803
2023-10-11,177.71722412109375,0.007904000340615891,176.27478942871093,165.56028190612793,0.1768651311628088
2023-10-12,178.61666870117188,0.00506109964594792,176.04527282714844,165.80447105407714,0.17098861966431006
2023-10-13,176.77822875976562,-0.010292656081734353,175.80682373046875,166.04847354888915,0.17391868092632864
2023-10-16,176.6497344970703,-0.0007268670106992392,175.74703338623047,166.3114686203003,0.17306873685851748
2023-10-17,175.09793090820312,-0.008784635840440091,175.7181948852539,166.54913646697997,0.1661581199065106
2023-10-18,173.8031005859375,-0.007394892192897795,175.64470581054687,166.77875549316406,0.1662778098836569
2023-10-19,173.42750549316406,-0.0021610379303200755,175.59548889160158,167.030412940979,0.15114887389921072
2023-10-20,170.87738037109375,-0.014704271475385,175.4996124267578,167.26297157287598,0.15671474600433302
2023-10-23,170.99600219726562,0.0006941926773120777,175.40492279052734,167.50271755218506,0.1556303875626021
2023-10-24,171.430908203125,0.0025433694371266302,175.28591766357422,167.7220011138916,0.15345308353323736
2023-10-25,169.11798095703125,-0.013491891691743252,175.16038818359374,167.92711181640624,0.13803139853661528
2023-10-26,164.95672607421875,-0.024605632465951488,174.96903015136718,168.10856201171876,0.1595474993935078
2023-10-27,166.27133178710938,0.007969397454573368,174.85476806640625,168.2830029296875,0.16234468885190811
2023-10-30,168.3173828125,0.012305494900409775,174.77174041748046,168.46806785583496,0.16806428766329598
2023-10-31,168.79183959960938,0.0028188222700558097,174.6715151977539,168.64886177062988,0.15945051177047456
2023-11-01,171.95474243164062,0.018738481904895243,174.6070703125,168.83966331481935,0.1708339512253851
2023-11-02,175.5130615234375,0.020693346641552868,174.53689331054687,169.05184875488283,0.1833981241330261
2023-11-03,174.60369873046875,-0.005181168769295974,174.54223022460937,169.25919197082519,0.1832460614115352
2023-11-06,177.15383911132812,0.014605305611514963,174.5544869995117,169.46649131774902,0.18310485384568173
2023-11-07,179.71385192871094,0.014450789382972618,174.58670989990233,169.6706462097168,0.18750261810103602
2023-11-08,180.7714080810547,0.005884666880120459,174.56239471435546,169.87310104370118,0.18764692323540547
2023-11-09,180.2969970703125,-0.002624369726264897,174.45880889892578,170.07648086547852,0.18648613944715514
2023-11-10,184.48348999023438,0.02321998140817194,174.43460418701173,170.29045890808106,0.2017566844233307
2023-11-13,182.89996337890625,-0.008583568163264665,174.34729705810548,170.48682472229004,0.2005688796977495
2023-11-14,185.51278686523438,0.014285533130016237,174.30750213623048,170.71067337036132,0.20497523895997805
2023-11-15,186.07691955566406,0.003040936961609564,174.41321655273438,170.93099479675294,0.20088793838631971
2023-11-16,187.7594757080078,0.009042261428024334,174.65834259033204,171.1541188812256,0.19824778450786038
2023-11-17,187.7396697998047,-0.00010548553210665279,174.89081604003906,171.35061920166015,0.19760117932709084
2023-11-20,189.48158264160156,0.009278341885092134,175.13480163574218,171.53771942138673,0.18636124529871864
2023-11-21,188.67991638183594,-0.00423084000349494,175.42324432373047,171.73444274902343,0.18856260802576583
2023-11-22,189.343017578125,0.003514423840145886,175.76626434326172,171.92011222839355,0.18844845719584352
2023-11-24,188.01678466796875,-0.007004393017075672,176.05251495361327,172.11258514404298,0.18172967040440915
2023-11-27,187.83860778808594,-0.0009476647534286675,176.34963287353514,172.30933395385742,0.14839283427155664
2023-11-28,188.44236755371094,0.003214247447500984,176.60031158447265,172.50727828979493,0.14861117335147433
2023-11-29,187.42294311523438,-0.00540974119413995,176.80885650634767,172.68612800598146,0.15180624897869976
2023-11-30,187.99697875976562,0.0030627821492394958,177.0996533203125,172.87105155944823,0.15176086073449233
2023-12-01,189.27374267578125,0.006791406566416969,177.44682373046874,173.05186111450195,0.14375151298270145
2023-12-04,187.48233032226562,-0.009464663868269607,177.7411654663086,173.231697845459,0.13914838418931386
2023-12-05,191.4313201904297,0.021063264262696668,178.0889859008789,173.43699668884278,0.14864697979504138
2023-12-06,190.3426513671875,-0.005686994281600355,178.4964779663086,173.65691162109374,0.1477675361673381
2023-12-07,192.2725830078125,0.01013924954161749,178.97281433105468,173.88435684204103,0.14444665619111394
2023-12-08,193.69778442382812,0.007412400633103777,179.47251525878906,174.1165129852295,0.14489256493384922
2023-12-11,191.1937713623047,-0.01292742231911348,179.91185607910157,174.34940719604492,0.15431985510655521
2023-12-12,192.7080535888672,0.007920144133215512,180.33127136230468,174.58390922546386,0.13699340102914384
2023-12-13,195.92465209960938,0.01669156244816139,180.84170654296875,174.8370076751709,0.14006866678573138
2023-12-14,196.07310485839844,0.0007577033170567127,181.3302017211914,175.10119857788087,0.1344486260591418
2023-12-15,195.53863525390625,-0.002725869031747985,181.78329681396485,175.3597599029541,0.13572827241775676
2023-12-18,193.8759307861328,-0.008503201761710266,182.15213562011718,175.58477325439452,0.1384886792611882
2023-12-19,194.91514587402344,0.005360206827514924,182.5121063232422,175.80118255615236,0.13895209107376152
2023-12-20,192.82681274414062,-0.010714062883715236,182.84217132568358,176.01814109802245,0.14264816740434424
2023-12-21,192.67832946777344,-0.0007700343860591596,183.14139343261718,176.2280979156494,0.14158811078042619
2023-12-22,191.60946655273438,-0.005547395589278414,183.40124938964843,176.44394760131837,0.14306226976560468
2023-12-26,191.06515502929688,-0.002840733984756927,183.68698791503905,176.66737648010255,0.14098369969091182
2023-12-27,191.16409301757812,0.0005178232957552265,183.9772750854492,176.88159065246583,0.14084566533395473
2023-12-28,191.58966064453125,0.002226190181615184,184.30710968017578,177.08748413085937,0.140680243118339
2023-12-29,190.55047607421875,-0.005424011748945912,184.6420571899414,177.28621017456055,0.14068822212801696
